id,name,price
580,Bose Acoustimass 5 Series III Speaker System - AM53BK,100.00
4696,Sony Switcher - SBV40S,190.00
5644,Sony 5 Disc CD Player - CDPCE375,379.00
6284,Bose 27028 161 Bookshelf Pair Speakers In White - 161WH,472.00
6493,Denon Stereo Tuner - TU1500RD,479.00
6726,KitchenAid Pasta Roller And Cutter - KPRA,263.00
6742,Panasonic Yeast Pro Automatic Breadmaker - SDYD250,286.00
7195,Sony Vertical-In-The-Ear Stereo Headphones - MDRJ10,155.00
7783,Panasonic 2-Line Integrated Telephone - KXTSC14W,142.00
7936,Panasonic Integrated Telephone System - KXTS108W,150.00
8060,Panasonic 2-Line Integrated Telephone System - KXTS208W,364.00
8552,Sony 300 Disc CD Changer - CDPCX355,216.00
9071,Sony 400 Disc MegaStorage CD Changer - CDPCX455,217.00
9312,Panasonic Hands-Free Headset - KXTCA86,78.00
9314,Panasonic Hands Free Headset  - KXTCA92,97.00
9355,Cuisinart Convection-Oven-Toaster-Broiler With Exact Heat Sensor - TOB165WH,82.00
9546,Frigidaire 24' White Built-In Dishwasher - FDB130WH,218.00
9646,Cuisinart Cordless Electric Kettle - KUA17,401.00
10101,Omnimount Wall Speaker Mount - 20WLBK,482.00
10102,Omnimount Wall Speaker Mount - 20WLWH,182.00
10640,Denon Semi-Automatic Turntable - Black Finish - DP29F,202.00
11338,Sony Xplod 10-Disc Add-On CD/MP3 Changer - CDX565MXRF,315.00
11801,Escort Passport Radar And Laser Detector - Black Finish - 8500,373.00
13155,Peerless Wall TV Mounts In Black - PM1327BK,285.00
13202,Panasonic Laser Toner Cartridge - KXFA83,472.00
13213,Sony Compact Disc Player/Recorder - RCDW500C,224.00
13580,Sanus WMS3B Black Weather Resistant Small Speaker Wall Mount - WMS3B,389.00
13581,Sanus WMS3S Silver Weather Resistant Small Speaker Wall Mount - WMS3S,473.00
13700,Sanus Euro Foundations Satellite Speaker Stand - EFSATB,302.00
13701,Sanus Euro Foundations Satellite Speaker Stand - EFSATS,448.00
13945,Onkyo 6 Disc CD Player Changer - DXC390B,475.00
13954,Panasonic Corded Phone - KXTS3282B,309.00
13996,Escort Cordless Solo Radar Detector - S2E,405.00
14033,Garmin Deluxe Carrying Case - Black Finish - 0101023101,306.00
14061,Kenwood 6-Disc CD Changer - KDCC669,185.00
14070,Cuisinart Automatic Brew And Serve Coffeemaker - DTC975BK,140.00
14563,Sharp Over The Counter Microwave Oven - R1214SS,345.00
14715,Toshiba Rechargeable 5-Hour Battery Pack - MEDB05LX,311.00
15046,GE GSD4000NWW White Built-In Dishwasher - GSD4000WH,281.00
15452,Sony Stereo Audio Receiver - STRDE197,486.00
16000,Maytag Bisque Over-The-Range Microwave Oven - MMV4205BT,69.00
16003,Maytag Over-The-Range Microwave Oven - MMV5207BK,103.00
16112,Panasonic Genius Prestige Inverter Microwave Convection Oven NNC994SS In Stainless Steel - NNC994SS,235.00
16309,Sony Super Audio CD Player - SCDCE595,462.00
16329,Whirlpool 24' Built-In Dishwasher - DU1100SS,484.00
16394,Danby Twin Tub Washer - DTT420WH,205.00
16668,Omnimount TV Top Shelf Mount - CCH1P,101.00
16669,Omnimount TV Top Shelf Mount - CCH1B,354.00
16741,Delonghi Twenty Four Seven Coffee Maker In Black - DC50B,436.00
16758,Sanus Silver LCD Television Turntable - TVLCDS,181.00
16765,Frigidaire 27' Electric Stack Washer Dryer Combo - FEX831WH,473.00
16774,Olympus Olympus Ni-MH Quick Charger And Battery Set - B90SU,488.00
16877,Sony Digital Photo Printer Paper 40 Pack  - SVMF40P,158.00
17067,Canon Rechargeable Battery - 9763A001,306.00
17094,Delonghi Twenty Four Seven Coffee Maker - DC50W,85.00
17187,Universal IR/RF Remote - MX350,271.00
17191,Universal IR/RF Aeros Remote Control- MX850 - MX850,389.00
17220,Panasonic 5-Pack DVD-RAM Discs - LMAF120LU5,366.00
17372,Belkin AC Anywhere - F5C400300W,59.00
17417,Sanus 13' - 30' VisionMount Flat Panel TV Silver Wall Mount - VMFS,87.00
17479,Weber Performer 22-1/2' Charcoal Grill - 841001,495.00
17596,Sanus 13' - 30' Flat Panel TV Black Wall Mount - VM1B,148.00
17653,Sony HD DVC Tape - DVM63HD,79.00
17872,Sanus 15' - 40' Flat Panel TV Silver Wall Mount - VM400S,435.00
17873,Sanus 15' - 40' Flat Panel TV Black Wall Mount - VM400B,56.00
17906,Frigidaire Electric Dryer - FEQ1442WH,159.00
18040,Delonghi Oil Filters - FK8,123.00
18087,Danby Designer Portable Dishwasher - DDW1805WH,342.00
18202,Canon Optura/Elura Accessory Kit - ACCESSORYKIT,384.00
18441,Mosquito Magnet Defender Replacement Net - MM4000NET1,330.00
18516,Panasonic Genius Countertop Microwave In White - NNH965WH,76.00
18524,Weber Performer 22-1/2' Charcoal Grill - 848001,314.00
18564,Whirlpool 24' Built-In Dishwasher - DU1055BK,338.00
18567,Whirlpool 24' Built-In Dishwasher - DU1055SS,431.00
18837,Cuisinart Countertop Griddler - GR4,54.00
18960,Nikon AF Speedlight Accessory - SB600,110.00
18970,Panasonic Genius Countertop Microwave In Black - NNH965BK,461.00
19112,Sony Soft Cyber-Shot Carrying Case - LCSCST,407.00
19132,Pioneer XM Digital Satellite Tuner for Pioneer Headunits - GEXP920XM,53.00
19141,Sanus Universal Projector Ceiling Mount -  Black Finish - VMPR1B,134.00
19204,OmniMount G-303 Gray Stellar Series Audio Tower - G303GR,426.00
19358,Sennheiser RF Wireless Headphones - RS140,81.00
19604,Kenwood iPod Mobile Interface - KCAIP500,291.00
19628,Pioneer Wired Marine Remote Control Display - CDMR80D,182.00
19631,Bose Second Zone Remote - PMC2,167.00
19672,Sony 400-Disc DVD/SA-CD/CD Mega Changer - DVPCX995V,263.00
19676,Sanus 32' - 84' Flat Panel TV Black Tilting Wall Mount - VMPL3B,291.00
20447,Sony DVD-R Recordable Camcorder Media - 3DMR30L1H,111.00
20448,Sony VAIO Neoprene Laptop Carrying Case - Black Finish - VGPAMC3,390.00
20450,Canon Color Ink Tank - CL41CL,241.00
20453,Canon Cyan Ink Tank - Cyan - CLI8C,189.00
20454,Canon Magenta Ink Tank - Magenta - CLI8M,299.00
20458,Canon Cyan Photo Ink Cartridge - Cyan - CLI8PC,192.00
20459,Canon Magenta Photo Ink Cartridge - Magenta - CLI8PM,260.00
20461,Canon Yellow Ink Cartridge - Yellow - CLI8Y,411.00
20466,Canon Black Ink Cartridge - Black - PG40BK,177.00
20532,Belkin Pro Series 16 Ft.  USB 2.0 Cable - F3U13316,135.00
20534,Pioneer Voice Command Pack - Black Finish - CDVC1,133.00
21047,Sony VAIO Neoprene Notebook With AC Adapter Case - Black Finish - VGPAMC2,225.00
21175,NetGear ProSafe 24 Port Smart Switch - FS726TP,319.00
21182,GE Platinum HDTV Millennium TV Antenna - TV24734,416.00
21267,Garmin Streetpilot C Series Vehicle Suction Mount - Black Finish - 0101060900,434.00
21268,Garmin StreetPilot C330 Dash Mount - Black Finish - 0101061300,268.00
21297,Sony Memory Stick Duo Replacement Adaptor - Silver/Blue Finish - MSACM2,466.00
21554,Yamaha High Performance Subwoofer -  Black Finish - YSTFSW100BK,438.00
21875,Netgear ProSafe 16 Port 10/100 Desktop Switch - Purple Finish - FS116P,329.00
21989,Frigidaire Electric White Dryer - FEQ332WH,184.00
22042,Logitech Harmony 890 Advanced Universal Remote Control - H890,331.00
22100,Canon High Capacity Color Ink Cartridge - Color Ink - CL51,106.00
22101,Canon Photo Ink Cartridge - CL52,197.00
22187,Nikon 18-200mm Nikkor Zoom Lens - Black Finish - 2159,425.00
22212,Sennheisser Hi-Fi Wireless Headphone - RS120,410.00
22242,Cuisinart Programmable Coffeemaker - Stainless Steel Finish - DCC2000,469.00
22306,Sanus Center Channel Speaker Mount - Black Finish - VMCC1B,477.00
22382,Sanus 32' - 50' Flat Panel TV Black Wall Mount - VMPL50B,196.00
22558,Netgear RangeMax Wireless Access Point - White Finish - WPN802NA,127.00
22727,Weber Q 300 Liquid Propane Outdoor Grill - 426001,424.00
22729,Sony Lightweight Tripod - Black Finish - VCTR100,379.00
22798,Sanus VMAV Black VisionMount Component Wall Shelf VMAVB In Black - VMAVB,54.00
22940,Panasonic Plain Paper Fax/Copier With All-Digital Answering System - Silver Finish - KXFP145,483.00
23006,Tivo Wireless Adapter - AG0100,116.00
23097,Uniden 5.8GHz Accessory Handset And Charger - TCX905,402.00
23246,Plantronics Voyager 510 Bluetooth Headset - Silver Finish - 496915,341.00
23296,Kingdom Hearts II Video Game For The Sony PS2 - 662248904115,75.00
23325,TiVo Series2 Dual Tuner Digital Video Recorder - TCD649080,401.00
23347,Sony PlayStation 2 DUALSHOCK 2 Analog Controller - Emerald Finish - 711719706205,123.00
23349,Sony PlayStation 2 8MB Memory Card - Black Finish - 711719702702,392.00
23350,Sony PlayStation 2 8MB Memory Card (2 Pack) - Red/Blue Finish - 711719706700,128.00
23519,Whirlpool Duet Sport Front Loading White Washer - White Finish - WFW8300SWH,350.00
23537,Universal RF Series MasterControl Remote Control - RF20,380.00
23635,Panasonic Network Camera - White Finish - BLC1A,492.00
23651,Pioneer 6.5' 2-Way Marine White Speakers - TSMR1640,383.00
23658,Apple USB Modem - White Finish - MA034ZA,434.00
23686,Linksys EtherFast 4124 24-Port Ethernet Switch - EF4124,97.00
23837,Sony Learning Remote Control - Silver Finish - RMVL600,457.00
23864,Hoover Bagged Tempo Widepath Upright Vacuum - U5140,292.00
23965,Panasonic All-in-One Flatbed Laser Fax - KXFLB801,414.00
24034,Sony DVD Remote Control For PS2 - Black Finish - 711719707608,322.00
24153,Whirlpool 10' WHP1000SQ Duet Washer And Dryer White Pedestal Without Drawer - WHP1000WH,188.00
24316,Whirlpool Duet Sport 27' White Electric Dryer  - WED8300SWH,257.00
24346,Panasonic Lithium Ion Rechargeable Battery - Black Finish - CGRS006A1B,141.00
24368,Panasonic Digital Camera Battery - CGAS007A1B,281.00
24386,Nikon Rechargeable Li-Ion Battery - Black Finish - 25334,316.00
24402,KitchenAid 5-Speed Blender - Red Finish - KSB560ER,388.00
24493,Panasonic 2-Line Integrated Phone System - White Finish - KXTS3282W,111.00
24571,Panasonic 2 Line 5.8 GHz FHSS GigaRange Expandable Digital Cordless Answering System - Black Finish - KXTG6700B,217.00
24572,Panasonic 5.8GHz Add-On Handset For The KXTG6700B Phone System - Black Finish - KXTGA670B,317.00
24615,Nikon 55-200MM Zoom-Nikkor Lens Accessory - 2156,398.00
24648,Waring Professional Cool-Touch Deep Fryer - Black/Stainless Steel Finish - DF100,90.00
24693,Denon Fully Automatic Analog Turntable - DP300F,128.00
24789,Terk Mini Tuner Cartridge For XM Ready Home Products - CNP2000,208.00
24825,Panasonic Plain Paper Fax/Copier With Cordless Phone Answering System - Grey Finish - KXFG2451,321.00
24921,Sony DSCH2 Soft Carrying Camera Case - Black Finish - LCSCSH,498.00
24937,Omnimount Moda 2 Shelf Wall Furniture - MWFS,425.00
25036,LEGO Star Wars II: The Original Trilogy Video Game For The Sony PSP - 023272329396,78.00
25111,Terk Mini Tuner Home Dock For XM Ready Home Products - Black Finish - CNP2000H,282.00
25113,Denon 5-Disc CD Auto Changer - Black Finish - DCM290,288.00
25136,Denon 5 Disc CD Player - Black Finish - DCM390,319.00
25167,Denon Progressive Scan Universal DVD Player - DVD2930CI,77.00
25262,Netgear Prosafe 16 Port 10/100 Rackmount Switch - Black Finish - JFS516NA,187.00
25291,Sirius Sportster 4 With Car Kit - SP4TK1,112.00
25318,Terk XM Outdoor Home Antenna - Grey Finish - XM6,436.00
25364,Olympus Digital Camera Neoprene Soft Case - Black With Grey Finish - 202066,86.00
25388,Sanus 9' - 17' VisionMount Series Under Cabinet Flat Panel TV Silver Wall Mount - VMUC1S,366.00
25413,Sony MiniDV Cleaning Cassette - DVM12CLD,413.00
25532,GE Futura Indoor TV Antenna - Silver Finish - TV24746,251.00
25550,Sanus 15' To 40' Flat Panel Black TV Wall Mount - ML22B1,396.00
25670,Olympus Lithium Ion Rechargeable Battery - LI42B,240.00
25732,Olympus Premium Slim Leather Case In Black - 202087,293.00
25749,Sanus 15' - 40' VisionMount Flat Panel TV Black Wall Mount - MT25B1,167.00
25776,Sony Lightweight Tripod - Black Finish - VCTR640,340.00
25788,Nikon 70-300mm f/4.5-5.6G ED-IF AF-S VR Zoom-Nikkor Lens - 2161,448.00
25797,Garmin GPS Carrying Case - Black Finish - 0101070400,465.00
25813,Tech Craft Avalon Series TV Stand - Black Finish - ABS32,473.00
25814,Tech Craft Avalon Series TV Stand - SWP48,204.00
25829,Sanus 15' - 40' VisionMount Flat Panel TV Black Wall Mount - MF110B,291.00
25855,Garmin Nuvi 360 010-10815-00 Black Replacement Vehicle Suction Cup Mount - 0101081500,484.00
25857,Garmin Nuvi 360 010-10723-06 Black 12 Volt Adapter Cable - 0101072306,127.00
25858,Garmin Nuvi 660 010-10747-03 Black 12 Volt Adapter Cable - 0101074703,417.00
25902,Lowepro Digital Camera Case In Black - REZO15BK,204.00
25905,Lowepro Digital Camera Case In Black - EDIT100BK,79.00
25950,Garmin 010-10702-00 Black GA 25MCX Remote GPS Antenna - 0101070200,341.00
25990,Frigidaire 24' PLD4375RFC Built-In Stainless Steel Dishwasher - PLD4375SS,240.00
26059,Garmin 010-10823-00 Black Nuvi 660 Vehicle Suction Cup Mount - 0101082300,67.00
26082,Whirlpool WED6400SB Cabrio Super Capacity Plus Electric Black Dryer - WED6400SBK,143.00
26117,Universal MRF-350 RF Black Base Station - MRF350,204.00
26137,Panasonic SR-NA18 White Deluxe Fuzzy Logic Rice Cooker - SRNA18,390.00
26241,Whirlpool Cabrio WTW6400SW Top Loading White Washer - WTW6400SWH,410.00
26310,Bose In-Ear Black Headphones - BOSEIE,231.00
26346,Panasonic KX-TG4500B Black 5.8 GHz Cordless Phone System - KXTG4500B,480.00
26350,Panasonic KX-TGA450B Black 5.8 GHz Cordless Handset - KXTGA450B,462.00
26444,Nyko PlayStation 3 Dual Charger AC - 743840830153,185.00
26445,Nyko PlayStation 3 ChargeLink USB Charging Cable - 743840830009,126.00
26461,Linksys Wireless-G VPN Broadband Silver Router - WRV54G,180.00
26525,Bose SL2 Wireless Black Surround Link - SL2WIRELESS,135.00
26563,Sony Digital Photo Printer Paper 120 Pack - SVMF120P,191.00
26615,Logitech Harmony 1000 Silver Touch Screen Remote Control - H1000,393.00
26617,Canon PGI-5BK Black Ink Tank Cartridge - PGI5BK,325.00
26622,Canon Charger And Rechargable AA Battery Kit - 1169B001,280.00
26695,Lowepro SlingShot 200 AW Digital Camera Back Pack - SLINGSHOT200AW,382.00
26805,Tech Craft ABS48 Antique Black Avalon Series 48' TV Stand - ABS48,305.00
26861,Sirius ST4-TK1 Starmate 4 Radio With Car Kit - ST4TK1,263.00
26891,Garmin 010-10723-03 Nuvi Suction Cup Mount - 0101072303,327.00
26929,Monster PS3 CV/FO-10 Playstation 3 GameLink Component Video And Fiber Optic Digital Audio AV Kit - PS3CVFO10,216.00
26930,Monster PS3 HDMI-2M Playstation 3 GameLink HDMI Digital Video/Audio Cable - PS3HDMI2M,420.00
27091,LG TROMM WM2688HNM 4.2 Cu. Ft. Navy Blue Front Load Allergiene SteamWasher - WM2688HNBL,347.00
27103,LG WDP3N 14' Tall Navy Blue Pedestal With Drawer - WDP3BL,242.00
27137,Nikon EN-EL9 Black Rechargeable Li-ion Battery - ENEL9,224.00
27182,Logitech Harmony RF Wireless Extender - RFEXT,111.00
27186,Weber Stainless Steel Summit S-650 Liquid Propane Grill - 1780001,259.00
27188,Weber Stainless Steel Genesis S-310 Liquid Propane Grill - 3770001,394.00
27194,Weber Stainless Steel Genesis S320 LP Grill - 3780001,412.00
27197,Weber Stainless Steel Genesis S320 Natural Gas Grill - 3880001,284.00
27248,Belkin F3H982-10 Pro Series High Integrity 10 Feet Monitor Cable - F3H98210,145.00
27364,Kenwood KCA-IP200 Black iPod Direct Cable - KCAIP200,375.00
27391,Kenwood KCA-IP300V iPod Video Direct Cable - KCAIP300V,337.00
27407,Sony SCPH-98046 PlayStation 3 Blu-Ray DVD Remote Control - 711719804604,113.00
27479,Tripp-Lite PV375 PowerVerter 375-Watt Ultra-Compact Inverter - PV375,155.00
27501,Sirius FMDA25 Wired FM Modulation Relay - FMDA25,190.00
27589,Frigidaire Professional 24' PLD4555RFC Built-In Stainless Steel Dishwasher - PLD4555SS,212.00
27719,LG DLG0452W White XL Capacity Gas Dryer - DLG0452WH,308.00
27729,LG WM0642HW 4.0 Cu Ft White Rear Control Washer - WM0642HWH,407.00
27739,Electrolux Oxygen 3 Canister HEPA H12 Filter - EL012A,176.00
27771,Fellowes Confetti Cut Shredder - W11C,121.00
27778,Sony LCS-CSJ Black Soft Carrying Case - LCSCSJ,62.00
27779,Sony LCS-CSQ/B Black Soft Carrying Case - LCSCSQB,356.00
27783,Sony VAIO VGP-PRSZ1 SZ Series Docking Station - VGPPRSZ1,341.00
27789,Weber Genesis E-310 Liquid Propane Black Outdoor Grill - 3741001,324.00
27793,Weber Genesis S-310 Natural Gas Stainless Steel Outdoor Grill - 3870001,223.00
27810,Sony Progressive Scan Black DVD Player - DVPNS57PB,89.00
27840,LG 14' Washer And Dryer Red Pedestal With Drawer - WDP3R,492.00
27853,LG Laundry Remote Monitor - RLM20K,334.00
27857,Transcend 2GB Micro SD Memory Card - TS2GUSD,193.00
27920,DeLonghi Magnifica Super-Automatic Espresso/Coffee Machine - ESAM3300,437.00
27964,LG LRBP1031 White Bottom-Freezer Refrigerator - LRBP1031WH,98.00
27965,LG Titanium Bottom-Freezer Refrigerator - LRBP1031TT,419.00
27975,Belkin F3H982-25 Black 25 Ft Pro Series High Integrity VGA/SVGA Monitor Replacement Cable - F3H98225,250.00
27985,Yamaha Silver USB Powered Stereo Speaker - NXU10SIL,249.00
28020,Canon FAX-JX200 Inkjet Fax Machine - FAXJX200,340.00
28033,Sony MDR-NC22/BLK Black Noise Canceling Headphones - MDRNC22,188.00
28059,Sony LCS-TWA/R Red Soft Leather Carrying Case - LCSTWAR,480.00
28067,Pioneer CD-I200 iBus Interface Cable For iPod - CDI200,64.00
28137,Sony InfoLithium H Series Standard Rechargeable Battery Pack - NPFH70,211.00
28138,Sony NP-FH100 InfoLithium H Series Standard Rechargeable Battery Pack - NPFH100,253.00
28148,LG WM3431W All-In-One White Washer And Dryer Combo - WM3431WH,312.00
28149,LG WM3431HS All-In-One Front Load Titanium Washer And Dryer Combo - WM3431TT,147.00
28175,Weber Genesis E-310 Natural Gas Black Outdoor Grill - 3841001,317.00
28180,Microsoft Office Home And Student 2007 For Windows Vista - 79G00007,384.00
28190,Weber 3758301 Blue Genesis EP-320 LP Gas Grill - 3758301,363.00
28205,Panasonic KX-TG6702B 5.8 GHz FHSS GigaRange Expandable Black Cordless Phone System - KXTG6702B,384.00
28225,Sony LCS-TWA/B Black Soft Leather Carrying Case - LCSTWAB,297.00
28256,Sony SLV-D380P Black DVD VHS Combo Player - SLVD380P,57.00
28272,Sony Black Cyber-Shot W Series Digital Camera Carrying Case - LCSCSL,429.00
28304,Fellowes MicroShred Shredder - MS450CS,196.00
28340,Whirlpool White Front Load Washer - WFW9200SWH,136.00
28350,Panasonic Silver Dect 6.0 Cordless Telephone - KXTG1033S,93.00
28366,Sony Progressive Scan Silver DVD Player - DVPNS57PS,461.00
28397,GE Pre-Amplifier For Stereo Turntable - AV23292,332.00
28433,Sony MRW62E/S1/181 17-In-1 External USB Memory Card Reader - MRW62ES1181,84.00
28500,Sony MS-A1GD 1GB Memory Stick Micro (M2) - MSA1GD,113.00
28554,Olympus PS-BLS1 Lithium Ion Rechargeable Battery - LIIONPSBLS1,129.00
28650,Griffin Elevator Brushed Aluminum Laptop Stand - 1093CURV2,275.00
28951,Escort Passport 9500I Radar And Laser Detector - 9500I,226.00
28963,Sirius External Home Antenna - 14240,295.00
28971,Altec Lansing inMotion iPod Portable Audio System - IM600USB,231.00
28978,Panasonic Stainless Steel Countertop Microwave Oven - NNSD377SS,374.00
28979,Panasonic Countertop Microwave Oven In Black - NNSN667BK,494.00
28980,Panasonic Stainless Steel Luxury Full Size Countertop Microwave Oven - NNSD967SS,286.00
28981,Panasonic Countertop Microwave Oven In White - NNSN667WH,224.00
28982,Panasonic Countertop Microwave Oven In Stainless Steel - NNSD667SS,376.00
29007,LG DLG2526W White Super Capacity Gas Dryer - DLG2526WH,359.00
29008,LG WM2016CW 3.6 Cu Ft White Front Load Washer - WM2016CWH,157.00
29029,Canon 580EXII Speedlite In Black - 1946B002,243.00
29032,Nikon COOLPIX Leather Camera Case In Black - 5811,110.00
29072,Alpine 2-DIN DVD/CD/MP3/WMA Receiver/AV Head Unit - IVAW205,80.00
29099,Olympus Silver Digital Voice Recorder - VN4100PC,316.00
29133,Samsung DLP TV Stand In Black - TR72BX,166.00
29228,Sony Black Active Speaker System - SRSA212BK,93.00
29231,Panasonic Expandable Digital Cordless DECT 6.0 Answering System In Silver - KXTG1034S,310.00
29238,Panasonic Expandable Digital Cordless DECT 6.0 Handset In Silver - KXTGA101S,280.00
29272,Tech Craft Dark Cherry Veneto Series TV Stand - SWP60,164.00
29273,Kensington MicroSaver Keyed Notebook Lock - 64068F,310.00
29304,Haier 13' Silver Tube TV - HTR13,105.00
29338,Sony Memory Stick USB Adaptor - MSACUS40,56.00
29339,Panasonic Silver Rice Cooker/Warmer - SRTMB10,58.00
29392,Audiovox 9' LCD Drop Down TV With Built-In DVD - VE927,198.00
29464,Sony Clip-On Black Headphones - MDRQ68LW,304.00
29493,Netgear ProSafe 24-Port Smart Switch - GS724TP,310.00
29574,Panasonic NNSD767S Stainless Steel Countertop Microwave Oven - NNSD767SS,357.00
29612,Sharp Over The Counter White Microwave Oven - R1211WH,220.00
29677,Monster iFreePlay Cordless Headphones For iPod Shuffle - AISHHPHONE,188.00
29758,Canon Black Ink Cartridge - PG50,189.00
29806,Panasonic White Integrated Telephone System - KXTS600W,66.00
29816,Sony HD Radio Add On Tuner - XT100HD,142.00
29820,Linksys Wireless N Access Point - WAP4400N,402.00
29823,LG DLE2516W White Super Capacity Electric Dryer - DLE2516WH,486.00
29825,LG DLE3733W White XL Capacity Electric Dryer - DLE3733WH,361.00
29827,LG Pearl Gray XL Capacity Electric Dryer - DLE5955G,199.00
29829,LG DLE5955W White XL Capacity Electric Dryer - DLE5955WH,224.00
29861,LG LSC21943ST Stainless Steel Side By Side Refrigerator - LSC21943SS,490.00
29865,LG WM2233W 4.0 Cu Ft White Front Load Washer - WM2233WH,369.00
29866,LG WM2455HG 4.2 Cu Ft Pearl Gray Front Load Washer - WM2455G,211.00
29880,Haier 20' ATSC Color Tube Television - HTR20,437.00
29892,Maytag MED5900TW White Electric Dryer - MED5900TWH,294.00
29902,TiVo HD Digital Video Recorder (180 Hour) - TCD652160,277.00
29906,Audiovox Xpress XM Satellite Radio Receiver Home Kit - XMH10A,156.00
29933,Audiovox Xpress XM Satellite Radio FM Direct Adapter - XMFM1,162.00
29950,Panasonic NNSD797S Stainless Steel Countertop Microwave Oven - NNSD797SS,439.00
30058,Electrolux Pronto 2 In 1 Lightweight Upright Vacuum - EL1000B,289.00
30093,Sony Black DVDirect MC5 Multi-Function DVD Recorder - VRDMC5,422.00
30134,Apple Mac Mini 1.83GHz Intel Core 2 Duo Computer - MB138LLA,59.00
30158,LaCie 1TB FireWire 800/FireWire 400/USB 2.0 External Hard Drive - 301199U,175.00
30159,Alpine CD/MP3/WMA/AAC Receiver - CDA9887,387.00
30196,Denon 7.1 Channel Home Theater MultiMedia A/V Receiver With Networking And WiFi - AVR4308CI,184.00
30197,Denon 7.1 Channel Home Theater MultiMedia A/V Receiver With Networking In Black - AVR3808CI,287.00
30203,Denon X-Space Surround Bar Home Theatre System In Black - DHTFS3,217.00
30206,OmniMount CMK White Wall Cable Management Kit - CMKMINI,262.00
30219,Apple Wireless Mighty Mouse - MB111LLA,240.00
30338,Yamaha Black Digital Sound Projector - YSP4000BK,337.00
30343,Sony PSP 2000 Playstation Portable Gaming System Core 98510 In Piano Black - 711719851004,305.00
30355,Yamaha Mounting Installation Bracket - SPMK30,247.00
30389,Apple Mini-DVI To DVI Adapter - M9321GB,426.00
30436,Olympus DS40 Digital Voice Recorder - DS40R,224.00
30453,Bose Lifestyle 48 Series IV 43479 Home Entertainment System - LS48IVWH,306.00
30457,Sony Black DVD Recorder And VHS Combo Player - RDRVXD655,448.00
30533,Apple 1GB Silver iPod Shuffle - MB225LLA,267.00
30575,GE 24' GSD2400NWW White Built-In Dishwasher - GSD2400WH,240.00
30585,Panasonic Expandable Digital Cordless DECT 6.0 Phone System - KXTG1032S,284.00
30590,Panasonic 2 Line Integrated Corded Phone System - KXTSC14B,75.00
30591,Audiovox XpressEZ XM Satellite Radio Receiver - XMCK5P,53.00
30593,Audiovox XpressR XM Satellite Radio Receiver - XMCK20P,411.00
30594,Audiovox Commander MT XM Satellite Radio Receiver - XMRVRFM002,330.00
30602,Panasonic Integrated Black Telephone System With All-Digital Answering System - KXTS620B,410.00
30603,Panasonic Integrated White Telephone System With All-Digital Answering System - KXTS620W,286.00
30680,Sony Home Entertainment Server In Black - HESV1000,432.00
30708,Uniden DECT 6.0 Cordless Digital Answering System - DECT20802,493.00
30734,Tech Craft Veneto Series Black TV Stand - ABS60BK,89.00
30808,Panasonic 2GB SD Memory Card - SDV02GU1A,52.00
30841,Skagen Premium Steel Slimline Mesh Womens Watch - 233XSGG,205.00
30867,Seiko Quartz Le Grand Sport Womens Watch - SXDA04,379.00
30939,Canon Color Image Silver Scanner - 8800F,336.00
30951,Canon EOS 40D Digital SLR Camera In Black - EOS40DBODY,296.00
30955,Sony Black LocationFree Base Station - LFV30,114.00
30957,Linksys Wireless-G Broadband Router - WRT54GL,76.00
30962,Canon EOS 40D Digital SLR Camera And 28-135MM Lens - EOS40D28135,292.00
31014,Universal RF Base Station - MRF260,413.00
31020,Sony HD-Handycam 1.5 Meters (5 Feet) HDMI Mini Cable - VMC15MHD,224.00
31030,Canon PIXMA Multifunction Printer - MX310,95.00
31032,Chestnut Hill Sound George iPod Music System In White - CHS4001,406.00
31176,Sony White Cybershot T Series Digital Camera Jacket Case With Stylus - LCJTHCW,133.00
31273,Sony Universal Remote Commander Remote Control - RMV310,378.00
31284,Omnimount 42' - 63' Wishbone Cantilever Extra Large Flat Panel TV Silver Wall Mount - UCLXB,432.00
31332,Sony Universal Remote Control - RMEZ4,392.00
31337,Sirius SiriusConnect Home Tuner - SCH1,128.00
31373,Frigidaire GLD4355RFB Gallery SpeedClean 24' Black Dishwasher - GLD4355BK,432.00
31374,Frigidaire GLD4355RFS Gallery SpeedClean 24' White Dishwasher - GLD4355WH,64.00
31392,Speck Black ToughSkin iPod Classic Case - ICBLKTS,409.00
31397,Garmin Replacement USB Cable - 0101072301,245.00
31414,Sanus 15' - 32' Flat Panel TV Black Wall Mount - MF209B1,252.00
31596,Nikon VR 55-200MM Zoom-Nikkor Lens Accessory - 2166,284.00
31635,Yamaha High Performance Subwoofer In Black - YSTFSW150BK,487.00
31813,Kenwood Sirius Radio Translator For In-Dash Head Units - KCASR50,364.00
31830,Canon PIXMA MX700 Multifunction Printer - MX700C,492.00
31836,Sony Lithium-Ion Rechargeable Battery Pack - NPFD1,428.00
31881,Linksys Wireless-G PrintServer - WPSM54G,227.00
31887,Delonghi Coffee Maker In Black - DCF212T,248.00
31924,Sirius STILETTO 2 Portable Satellite Radio - SL2PK1,190.00
31954,Sirius STILETTO 2 Home Docking Kit - SLH2,270.00
31956,Sirius Sportster 5 Dock And Play Radio With Car Kit - SP5TK1,289.00
31970,Nikon D300 Digital SLR Digital Camera - D300BODY,150.00
31992,Transcend 4GB Secure Digital High-Capacity (SDHC) Class 6 Memory Card - TS4GSDHC6,355.00
32005,Panasonic Outdoor Network Camera - BBHCM331A,356.00
32017,Microsoft Office Standard 2007 - 02107746,252.00
32022,Sony Bluetooth Adaptor/Portable Transmitter - TMRBT10,193.00
32027,Panasonic 27' Stainless Steel Microwave Trim Kit - TK903SS,326.00
32033,Jabra Black Bluetooth Headset - BT5010,257.00
32034,Kensington Orbit Optical Trackball Mouse - 64327,395.00
32054,Haier 13' TV/DVD Combo - TCR13,96.00
32055,Twenty20 VholdR Wearable Camcorder Bundle - 1102,457.00
32059,Unreal Tournament III Video Game For The Sony PS3 - UNREALPS3,233.00
32112,Sirius Stiletto 2 Vehicle Kit - SLV2,407.00
32150,Denon Networked Audio System With Built-In iPod Dock - S32,332.00
32187,Motorola Portable Bluetooth Car Kit Speaker Phone - T305,367.00
32193,Sony HD-Handycam 3 Meters (10 Feet) HDMI Mini Cable - VMC30MHD,250.00
32226,LG DLEX7177RM Cherry Red XL Capacity Electric SteamDryer - DLEX7177RD,207.00
32228,LG DLEX8377NM Navy Blue XL Capacity Electric SteamDryer - DLEX8377BLUE,395.00
32279,LG DLEX7177WM White XL Capacity Electric SteamDryer - DLEX7177WH,449.00
32280,LG DLEX8377WM White XL Capacity Electric SteamDryer - DLEX8377WH,243.00
32314,Altec Lansing Orbit-MP3 Portable Audio System - IM207,434.00
32315,Uniden Dect 6.0 Accessory Handset  And Charging Cradle - DCX200,222.00
32322,Fellowes Personal Powershred Shredder - SB97CS,103.00
32323,Canon Easy Photo Pack - 1335B001,119.00
32340,Klipsch Black Wireless iPod Speaker - ROOMGROOVE,50.00
32358,Alpine CD-R/-RW/MP3/AAC/WMA Receiver - CDA9886,88.00
32384,Logitech QuickCam Communicate STX - 961464,93.00
32395,LG WM3988HWA 4.2 Cu Ft White Full Size SteamWasher And Dryer Combo - WM3988WH,344.00
32405,Transcend JetFlash V10 8GB USB Flash Drive - TS8GJFV10,350.00
32416,GE Amplified Quantum Antenna - TV24775,258.00
32431,Peerless 42' - 71'  Articulating Flat Panel TV Silver Dual Wall Arm Mount - PLAV70UNLPS,201.00
32488,Panasonic Black Expandable Digital Cordless Dect 6.0 Phone System - KXTG8232B,330.00
32493,Sirius Plug And Play Universal Home Kit - SUPH1,203.00
32512,Logitech Blue V470 Cordless Laser Mouse For Notebooks - 910000298,244.00
32546,Belkin Hi-Speed USB 2.0 7-Port Hub - F5U237APLS,183.00
32560,Sony Mylo White Personal Communicator - COM2WHITE,81.00
32561,Sony Mylo Black Personal Communicator - COM2BLACK,388.00
32563,LaCie 500GB USB 2.0 External Hard Drive - 301302U,133.00
32579,Netgear Wireless Access Point - WG102,263.00
32584,Panasonic PT-AX200U White Home Theater Projector - PTAX200,84.00
32625,Logitech diNovo Media Desktop Laser Keyboard And Mouse Combo - 967562,236.00
32628,Apple 500GB Time Capsule Wireless Hard Drive - MB276LLA,168.00
32630,Apple 1TB Time Capsule Wireless Hard Drive  - MB277LLA,116.00
32653,Microsoft Office 2008 For Mac Home And Student Edition - GZA00006,130.00
32664,iHome Black Clock Radio Audio System For iPod - IH9BR,449.00
32688,Pioneer Single Din CD Receiver - DEHP3000IB,98.00
32744,Sirius Satellite Radio Universal Car Tuner - SCC1,488.00
32874,Garmin 010-10723-00 AC Adapter Cable With International Adapters - 0101072300,203.00
32875,Garmin 010-10723-02 Carrying Case - 0101072302,203.00
32876,Garmin 010-10823-01 Carrying Case - 0101082301,476.00
32877,Garmin Nuvi Portable Friction Mount - 0101090800,176.00
32878,Garmin Vehicle Suction Cup Mount - 0101093600,302.00
32880,Garmin Suction Cup Mount And 12-Volt Adapter Kit - 0101097900,474.00
32882,Pioneer Remote Control With DVD/Audio Controls - CDR55,65.00
32889,Pioneer Sirius Bus Interface - CDSB10,399.00
32893,Pioneer HD Radio Tuner - GEXP10HD,91.00
32906,Sirius Dock And Play Universal Vehicle Kit - SUPV1,207.00
32984,Peerless Flat Panel Display Mount Black Finish - SGLB01,97.00
32986,Panasonic KX-TGA820B Black DECT 6.0 Cordless Handset - KXTGA820B,89.00
32990,Toshiba Black Progressive Scan DVD Player - SD4100,389.00
33021,Electrolux Harmony Series Canister Vacuum - EL6985B,166.00
33024,Sennheiser Rechargeable Nickel-Metal Hydride Battery - BA151,86.00
33026,Sanus 15' - 37' VisionMount Full-Motion Flat Panel TV Black Wall Mount - MF215B1,306.00
33044,Canon Green Photo Ink Cartridge - CLI8G,475.00
33045,Canon Red Photo Ink Cartridge - CLI8R,218.00
33047,Canon Black Photo Ink Cartridge - CLI8B,317.00
33053,Netgear ProSafe 5 Port 10/100 Desktop Switch - FS105,186.00
33057,Pioneer Premier In-Dash CD/WMA/MP3/AAC Receiver - DEHP400UB,175.00
33081,Pioneer DEH-2000MP CD/MP3/WMA In-Dash Receiver - DEH2000MP,296.00
33150,Pioneer Premier In-Dash CD/WMA/MP3/AAC Receiver - DEHP500UB,110.00
33157,Sony 40GB High Definition Hard Disk Drive Handycam Camcorder - HDRSR10,301.00
33158,Sony 60GB High Definition Hard Disk Drive Handycam Camcorder - HDRSR11,369.00
33159,Cuisinart Stainless Steel 4-Quart Programmable Slow Cooker - PSC400,134.00
33160,Sony 120GB High Definition Hard Disk Drive Handycam Camcorder - HDRSR12,303.00
33161,Sony High Definition HDV Handycam Camcorder - HDRHC9,217.00
33175,Sony Silver Cyber-Shot 7.2 Megapixel Digital Camera - DSCW120,294.00
33177,Sony Pink Cyber-Shot 7.2 Megapixel Digital Camera - DSCW120P,428.00
33209,Sony 7' Digital Photo Frame In Black - DPFD70,118.00
33219,Peerless 32' - 50' Articulating Flat Panel TV Black Wall Arm - SA750PU,264.00
33220,Sony 9' Digital Photo Frame In Black - DPFV900,386.00
33263,Alpine V-Power Series 4/3/2 Channel Power Amplifier - MRPF300,488.00
33271,Canon Vixia High Definition Camcorder - HF100,225.00
33272,Canon DVD Camcorder - DC310,356.00
33273,Canon DVD Camcorder - DC320,332.00
33275,Canon Vixia High Definition Camcorder - HV30,488.00
33276,Transcend 133X High-Speed 4GB Compact Flash Card - TS4GCF133,156.00
33277,Canon Silver Flash Memory Camcorder - FS100S,230.00
33278,Canon Silver Dual Flash Memory Camcorder - FS11,281.00
33279,Canon Silver Dual Flash Memory Camcorder - FS10,261.00
33280,Canon Vixia High Definition Camcorder - HF10,460.00
33298,SIRIUS SiriusConnect Vehicle Kit In Black - SCVDOC1,392.00
33326,Sharp AQUOS 52' Special Edition LCD Black Flat Panel HDTV - LC52SE94U,403.00
33327,Weber Spirit SP-320 Stainless Steel Liquid Propane Gas Outdoor Grill - 3730001,134.00
33377,Linksys Wireless-G Ethernet Bridge - WET54G,295.00
33382,Yamaha RX-V363BL 5.1 Channel Digital Home Theater Receiver In Black - RXV363BK,377.00
33431,Sony Silver MiniDV Handycam Camcorder - DCRHC52,438.00
33437,Yamaha  All-Weather Pair Speaker System - NSAW390WH,307.00
33438,Sony 30GB Handycam Hard Disk Drive Camcorder - DCRSR45,477.00
33439,Yamaha NS-AW390BL All-Weather Pair Speaker System - NSAW390BK,405.00
33440,Yamaha NS-AW190BL All-Weather Pair Speaker System - NSAW190BK,328.00
33443,Sony 60GB Handycam Hard Disk Drive Camcorder - DCRSR85,413.00
33444,Sony High Definition DVD Handycam Camcorder - HDRUX10,140.00
33452,Yamaha 7.2 Channel Black Digital Home Theater Receiver - RXV663BK,138.00
33453,Yamaha 7.2 Channel Black Digital Home Theater Receiver - RXV863BK,421.00
33455,Yamaha 5.1 Channel Home Theater In A Box System In Black  - YHT390BK,285.00
33458,Apple MacBook Air SuperDrive - MB397GA,104.00
33464,KitchenAid ProLine Series 16 Cup Food Processor - KPFP850OB,72.00
33467,Sony Silver Cyber-Shot Digital Camera - DSCS750,436.00
33471,Sony Silver Cyber-Shot Digital Camera - DSCW150,441.00
33472,Transcend 2GB 133x Ultra Speed Compact Flash Card - TS2GCF133,55.00
33476,Sony Black Cyber-Shot Digital Camera - DSCW150B,281.00
33477,Sony Red Cyber-Shot Digital Camera - DSCW150R,191.00
33478,Sony Gold Cyber-Shot Digital Camera - DSCW150N,415.00
33485,Sony Silver Cyber-Shot Digital Camera - DSCW170,274.00
33488,Sony Red Cyber-Shot Digital Camera - DSCW170R,368.00
33490,Nikon D60 Digital Camera With 18-55MM Lens - D60OUTFIT,77.00
33493,Canon PIXMA MX850 Multifunction Printer - MX850C,265.00
33496,Canon Silver 8.0 Megapixel PowerShot Digital Camera - SD1100IS,254.00
33498,Canon Blue 8.0 Megapixel PowerShot Digital Camera - SD1100ISB,416.00
33499,Cuisinart Stainless Steel Convection Toaster Oven - TOB195,310.00
33508,Canon Black 8.0 Megapixel PowerShot Digital Camera - A590IS,487.00
33510,Monster Mini-To-Mini iCable For Car - AICMINIIP3S,139.00
33522,Canon Black EOS Rebel XSi Digital SLR Camera - XSIREB1855,487.00
33532,TomTom GPS Mount And USB Car Charger - 9N00101,418.00
33536,Elgato TV Receiver And Video Converter For Analog & Digital TV - 10020780,438.00
33537,Elgato Mac EyeTV Hybrid - 10020630,427.00
33562,Sony Cyber-Shot Black Digital Camera - DSCH10B,472.00
33563,Panasonic VIERA 42' Plasma Flat Panel HDTV In Black - TH42PX80U,125.00
33564,Denon Blu-ray Disc DVD/CD Player - DVD3800BDCI,307.00
33566,Panasonic VIERA 50' Plasma Flat Panel HDTV In Black - TH50PX80U,377.00
33569,Panasonic VIERA 42' Plasma Flat Panel 1080p HDTV In Black - TH42PZ80U,356.00
33581,Panasonic VIERA 46' Plasma Flat Panel 1080p HDTV In Black - TH46PZ80U,365.00
33582,Panasonic VIERA 50' Plasma Flat Panel 1080p HDTV In Black - TH50PZ80U,310.00
33586,Sharp Aquos 32' Black LCD HDTV - LC32D64U,317.00
33591,Panasonic VIERA 42' Plasma Flat Panel 1080p HDTV In Black - TH42PZ85U,233.00
33595,Panasonic VIERA 46' Plasma Flat Panel 1080p HDTV In Black - TH46PZ85U,491.00
33600,Panasonic VIERA 50' Plasma Flat Panel 1080p HDTV In Black - TH50PZ85U,484.00
33601,TomTom GPS Mount And USB Car Charger - 9S00006,185.00
33612,Panasonic 26' LCD HDTV In Black - TC26LX85,214.00
33625,Panasonic VIERA 37' 1080p LCD HDTV In Black - TC37LZ85,64.00
33630,Toshiba Black 9-Inch LCD Widescreen Portable DVD Player - SDP91S,183.00
33637,Toshiba 19' Black LCD HDTV With Built In DVD Player - 19LV505,142.00
33638,Toshiba Black Portable DVD Player - SDP71S,450.00
33639,Toshiba Black 1080p Upconversion DVD Player - SD6100,466.00
33640,Toshiba Black DVD Recorder With Built-In Digital Tuner - DR560,474.00
33643,Toshiba Black 1080p Upconversion DVD Recorder/VCR Combinaton - DVR610,65.00
33645,Toshiba Black DVD Recorder/VCR Combinaton With Built-In Digital Tuner - DVR660,472.00
33653,Toshiba White 19' LCD HDTV DVD Combo - 19LV506,314.00
33662,Bracketron Nav-Mat Portable GPS Dash Mount - UFM100BL,424.00
33664,Bracketron iPod Docking Kit - IPM202BL,465.00
33668,Nikon CoolPix S550  Blue 10.0 Megapixels Compact Digital Camera - COOLPIXS550CB,398.00
33669,Nikon CoolPix S550 10 Megapixel Black Digital Camera - COOLPIXS550GB,98.00
33670,Nikon CoolPix S550 10 Megapixel Compact Plum Digital Camera - COOLPIXS550P,145.00
33671,Nikon Coolpix S210 Plum 8.1 Megapixels Digital Camera - COOLPIXS210P,170.00
33690,Toshiba 19' Black LCD HDTV - 19AV500U,279.00
33713,Sharp Aquos 37' LCD HDTV In Black - LC37D44U,462.00
33717,Toshiba Black DVD Recorder With 1080p Upconversion - DR410,237.00
33723,Polk Audio Sirius Satellite Radio Home Tuner - SRH1000,128.00
33726,Boston Acoustics Solo AM/FM Large Display Clock Radio - HSOLOMDNT,81.00
33758,Sony DVP-FX820 Black 8' Portable DVD Player - DVPFX820,246.00
33763,Sony DVP-FX820 Blue 8' Portable DVD Player - DVPFX820LI,140.00
33765,Sony DVP-FX820 Pink 8' Portable DVD Player - DVPFX820P,181.00
33767,Sony DVP-FX820 Red 8' Portable DVD Player - DVPFX820R,495.00
33769,Sony White 8' Portable DVD Player - DVPFX820W,84.00
33784,Panasonic 5.8 GHz Black Expandable Digital Cordless Phone - KXTG4321B,71.00
33786,Panasonic 5.8 GHz Black Expandable Digital Cordless Phone System - KXTG4323B,358.00
33788,Panasonic Black Dect 6.0 Cordless Telephone - KXTG9333T,98.00
33790,Sony Silver Digital Voice Recorder - ICDB600,370.00
33801,Kenwood 6.1' All-In-One Double-Din In-Dash Navigation - DNX5120,474.00
33804,Motorola MotoRokr Portable Bluetooth Car Kit Speaker Phone - T505,119.00
33831,Olympus Evolt-420 10 Megapixel Digital SLR Camera With 14-42mm Lens In Black - EVOLTE420KIT,366.00
33863,Toshiba 22' LCD HDTV With Built In DVD Player In Black - 22LV505,262.00
33864,Samsung Hi Definition Conversion DVD Player - DVD1080P8,172.00
33883,Boston Acoustics Duo-I AM/FM Clock Radio With iPod Dock - HDUOIMDNT,460.00
33908,Panasonic Black Blu-ray Disc Theater Sound System - SCBT100,423.00
33921,Panasonic Black DVD Home Theater Sound System - SCPT660,415.00
33922,Panasonic Black DVD Home Theater Sound System - SCPT760,302.00
33924,Panasonic Black DVD Home Theater Sound System - SCPT960,308.00
33931,Toshiba 10.2' Portable DVD Player In Black - SDP101S,234.00
33936,Panasonic Black 8.5' Portable DVD Player - DVDLS86,226.00
33938,Weber Summit E-620 Copper Liquid Propane Gas Outdoor Grill - 1752001,161.00
33948,Panasonic Black 8.5' Portable DVD Player - DVDLS83,232.00
33950,Whirlpool Cabrio White Top Loading Washer - WTW6700TWH,424.00
33955,Panasonic Black 1080p Up-Conversion DVD Recorder And VHS Combo Player - DMREZ48VK,492.00
33962,Panasonic Black 1080p Up-Conversion DVD Recorder And VHS Combo Player - DMREA38VK,110.00
33965,Logitech Harmony One Advanced Universal Remote Control - HARMONY1,366.00
33966,Peerless 32' - 45' Articulating Flat Panel TV Black Wall Arm - SA745PU,479.00
33967,Panasonic Black 1080p Up-Conversion DVD Recorder - DMREZ28K,374.00
33971,Panasonic Black 1080p Up-Conversion DVD Recorder - DMREA18K,66.00
33972,D-Link Wireless N USB Adapter - DWA130,93.00
33985,Panasonic VIERA 50' 1080p Plasma HDTV In Black - TH50PZ850U,241.00
33997,Sharp AQUOS 37' Black LCD HDTV - LC37D64U,203.00
33998,Sony BRAVIA Home Theater System - DAVHDX275,87.00
33999,Sony Silver 1080p Upscaling DVD Player - DVPNS700HS,438.00
34000,Sony Black 1080p Upscaling DVD Player - DVPNS700HB,168.00
34001,Sony Silver 1080p Upscaling 5-Disc DVD Player - DVPNC800HS,87.00
34002,Sony Black 1080p Upscaling 5-Disc DVD Changer - DVPNC800HB,412.00
34003,Samsung 40' Series 5 LCD Black Flat Panel HDTV - LN40A550,68.00
34004,Samsung 52' Series 5 LCD Black Flat Panel HDTV - LN52A550,171.00
34007,Samsung 40' Series 6 LCD Black Flat Panel HDTV - LN40A650,366.00
34009,Samsung 46' Series 6 LCD Black Flat Panel HDTV - LN46A650,192.00
34012,Samsung 52' Series 6 LCD Black Flat Panel HDTV - LN52A650,219.00
34016,Z-Line Portland Black TV Stand - ZL2344MU,454.00
34021,Samsung 46' Series 5 LCD Black Flat Panel HDTV - LN46A550,230.00
34031,Sony Black USB Stereo Turntable System - PSLX300USB,424.00
34033,Sony Digital SLR Camera With Lens Kit - DSLRA200W,452.00
34036,Sony Black Handycam Camcorder Soft Carrying Case - LCSX20,448.00
34056,Canon Silver 10 Megapixel PowerShot Digital Camera - SD790IS,276.00
34065,Canon Silver 10 Megapixel PowerShot Digital Camera - SD890IS,188.00
34076,Onkyo 7.1-Channel Black Home Theater Receiver - TXSR506B,476.00
34089,Samsung 19' Black Flat Panel Series 4 LCD HDTV - LN19A450,325.00
34091,Samsung 26' Black Flat Panel Series 4 LCD HDTV - LN26A450,359.00
34092,Samsung 32' Black Flat Panel Series 4 LCD HDTV - LN32A450,273.00
34093,Samsung 50' Black Flat Panel Series 5 Plasma HDTV - PN50A550,82.00
34095,Samsung 58' Black Flat Panel Series 5 Plasma HDTV - PN58A550,409.00
34096,Samsung 50' Black Flat Panel Series 4 Plasma HDTV - PN50A450,483.00
34102,Nyko Charge Base 2 Charger For PlayStation 3 Controller - 743840830535,207.00
34119,Sony Remote Control Tripod - VCT60AV,427.00
34125,Belkin Cush Top For Computer Laptop - F8N044ORG,209.00
34126,Belkin Cush Top For Computer Laptop - F8N044SLV,341.00
34127,Belkin Cush Top For Computer Laptop - F8N044GRN,247.00
34130,Samsung 5 Disc Black Home Theater System - HTZ410T,470.00
34135,Samsung 56' Black Widescreen Series 6 DLP HDTV - HL56A650,209.00
34136,Samsung 61' Black DLP Projection HDTV - HL61A650,234.00
34150,Sony Soft Camera Carrying Case - LCSMX100,492.00
34151,Panasonic 5.8 GHz Black Expandable Digital Cordless Phone System - KXTG4324B,210.00
34153,Panasonic Silver Lumix Wide Angle Lens Digital Camera - DMCTZ5S,295.00
34154,Panasonic Black Lumix Wide Angle Lens Digital Camera - DMCTZ5K,63.00
34156,Transcend 4GB Micro Secure Digital Memory Card - TS4GUSDHC6,76.00
34158,Panasonic 40GB Hard Drive Camcorder - SDRH40,389.00
34165,Belkin Neoprene Sleeve For MacBook Air - F8N065BLK,385.00
34174,Klipsch Groove PM20 Computer Speakers - GROOVEPM20BK,330.00
34218,LG 37' Black LCD Flat Panel HDTV - 37LG50,117.00
34220,LG 42' Black Plasma Flat Panel HDTV - 42PG20,233.00
34227,Maytag JETCLEAN II Black Undercounter Dishwasher - MDB7851BK,51.00
34253,Weber Gas Barbecue Rotisserie - 7519,137.00
34256,Weber Cast Iron Griddle - 7531,322.00
34258,Weber Cast Iron Griddle - 7542,295.00
34260,Denon Blu-ray Disc DVD/CD Digital Player/Transport - DVD2500BTCI,96.00
34263,Samsung 22' White Flat Panel LCD HDTV - LN22A451,118.00
34266,Samsung 42' Black Flat Panel Series 4 Plasma HDTV - PN42A450P,315.00
34278,Sony 5.1 Channel Black A/V Receiver - STRDG520,491.00
34280,Samsung 22' Black Flat Panel LCD HDTV - LN22A450,400.00
34282,Sony Black Soft Carrying Case - LCSX30,117.00
34286,Omnimount Moda Collection Series Dark Espresso TV Stand - ECHO50,71.00
34298,Panasonic DECT 6.0 Expandable Digital Cordless Phone With All-Digital Answering System - KXTG9341T,400.00
34300,Panasonic DECT 6.0 Expandable Digital Cordless Phone With All-Digital Answering System - KXTG9342T,481.00
34301,LaCie 1TB USB 2.0 External Hard Drive - 301304U,467.00
34303,Samsung 32' Series 5 LCD Black Flat Panel HDTV - LN32A550,284.00
34304,Samsung 32' Series 6 LCD Black Flat Panel HDTV - LN32A650,209.00
34309,Sony Bravia Wireless Home Theater System In Black - DAVHDX576WF,55.00
34349,Samsung 37' Series 5 LCD Black Flat Panel HDTV - LN37A550,92.00
34361,Samsung Black DVD/VHS Combo Recorder - DVDVR375,322.00
34363,Speck SeeThru Aqua Hard Shell Case For 20' iMac - IM20AQUSEE,164.00
34370,Sony Alpha DSLR Black Camera Body With 18-70mm Zoom Lens - DSLRA300K,444.00
34378,Polk Audio I-Sonic ES2 - ISONIC,450.00
34379,Sony Black Bravia Home Theater System - DAVHDX279W,55.00
34392,Polk Audio CSI A4 Black Center Channel Loudspeaker - CSIA4BK,345.00
34393,Polk Audio CSI A4 Cherry Center Channel Loudspeaker - CSIA4CH,75.00
34395,Polk Audio CSI A6 Black Center Channel Loudspeaker - CSIA6BK,474.00
34401,Whirlpool Cabrio Diamond Dust Top Loading Washer - WTW6700TU,419.00
34424,Polk Audio 5.1 Channel Black Home Theater Speaker System - RM705BK,69.00
34442,Sony 3.1 Channel Home Theater Surround System In Black - HTCT100,378.00
34454,Polk Audio Black 10' Powered Subwoofer - PSW110BK,284.00
34465,Twenty20 VholdR Mount Adhesive - 2200MA,483.00
34476,Weber Premium Black Grill Cover - 7550,267.00
34490,Samsung 37' Series 4 LCD Black Flat Panel HDTV - LN37A450,354.00
34496,Samsung Sound Bar Home Theater System - HTX810,87.00
34548,Sony White Earbud Style Headphones - MDREX55WH,492.00
34552,Sony 32' BRAVIA XBR Series Black LCD Flat Panel HDTV - KDL32XBR6,124.00
34553,Sony Stereo Bluetooth Speaker - SRSBTM30,281.00
34557,Sony Black Earbud Style Headphones - MDREX55BK,73.00
34559,Sony Pink Earbud Style Headphones - MDREX55P,161.00
34595,Hoover EmPower Bagless Upright Vacuum - U5269,263.00
34609,Panasonic DECT 6.0 Expandable Digital Cordless Phone With All-Digital Answering System - KXTG9344T,326.00
34610,Panasonic DECT 6.0 Expandable Digital Cordless Phone With All-Digital Answering System - KXTG9343T,70.00
34624,Sony 7.1 Channel Black A/V Receiver - STRDG720,405.00
34637,Sony Black Speaker Dock And Clock Radio For iPod And iPhone - ICFC1IPMK2BLK,321.00
34638,Sony White Speaker Dock And Clock Radio For iPod And iPhone - ICFC1IPMK2WHT,454.00
34640,Contour Design Showcase Premium Protection Case For 80 GB iPod Classic - SHCLS80B02,201.00
34648,Samsung 46' Series 7 LCD Black Flat Panel HDTV - LN46A750,206.00
34657,Samsung 40' Series 7 LCD Black Flat Panel HDTV - LN40A750,208.00
34659,Mitsubishi 735 Series 60' 1080p DLP Rear Projection Black HDTV - WD60735,267.00
34661,Mitsubishi 735 Series 65' 1080p DLP Rear Projection Black HDTV - WD65735,329.00
34662,Mitsubishi 736 Series 65' 1080p DLP Rear Projection Black HDTV - WD65736,89.00
34666,Panasonic VIERA 50' Plasma Flat Panel Black HDTV - TH50PZ800U,382.00
34697,LaCie 500GB d2 Quadra External Hard Drive - 301825U,449.00
34708,Onkyo Black CD Receiver System - CS325,476.00
34719,Panasonic DECT 6.0 Black Expandable Digital Cordless Phone - KXTG9361B,267.00
34723,Sony 1GB Memory Stick PRO Duo Mark 2 Media Card - MSMT1G,492.00
34724,Sony 2GB Memory Stick PRO Duo Mark 2 Media Card - MSMT2G,496.00
34725,Sony 4GB Memory Stick PRO Duo Mark 2 Media Card - MSMT4G,348.00
34727,Sony 8GB Memory Stick PRO Duo Mark 2 Media Card - MSMT8G,65.00
34728,Sony 16GB Memory Stick PRO Duo Mark 2 Media Card - MSMT16G,330.00
34747,Canon BCI-6 Multipack Ink Tanks - 4705A018,56.00
34751,Panasonic DECT 6.0 Black Expandable Digital Cordless Phone System - KXTG9372B,214.00
34754,Panasonic DECT 6.0 Black Metallic Expandable Digital Cordless Phone System - KXTG9332T,358.00
34770,Samsung 52' Series 7 Black Flat Panel LCD HDTV - LN52A750,251.00
34791,Canon PG-40 Black Ink Cartridge Twin Pack - PG40TBK,106.00
34815,Pioneer Black Premier Single CD Receiver - DEHP700BT,74.00
34824,Sony DSLR-A350 Digital Camera And 18-70mm Zoom Lens - DSLRA350K,151.00
34829,Speck SeeThru Clear Hard Shell Case For MacBook Air - MBACLRSEE,191.00
34831,Speck SeeThru Pink Hard Shell Case For MacBook Air - MBAPNKSEE,339.00
34836,Sony Picture Station Digital Photo Printer - DPPFP95,215.00
34848,LG Stainless Steel Freestanding Electric Range - LRE30453SS,428.00
34854,Sony 19' BRAVIA M-Series Silver LCD Flat Panel HDTV - KDL19M4000S,439.00
34858,Sony 26' BRAVIA M-Series Black LCD Flat Panel HDTV - KDL26M4000,217.00
34860,LG LDC22720ST 22 Cu. Ft. Smooth White Bottom Freezer Refrigerator - LDC22720SS,50.00
34864,Sony 46' BRAVIA S-Series Black LCD Flat Panel HDTV - KDL46S4100,70.00
34878,TomTom ONE 130S Car GPS Navigation System - 1EE005202,272.00
34880,TomTom ONE XL 330 Car GPS Navigation System - 1EG005200,421.00
34881,Sony 32' BRAVIA L-Series Black LCD Flat Panel HDTV - KDL32L4000,348.00
34883,TomTom ONE XL 330S Car GPS Navigation System - 1EG005201,388.00
34894,Sony 46' BRAVIA W-Series Black LCD Flat Panel HDTV - KDL46W4100,161.00
34895,Sony 52' BRAVIA V-Series Black LCD Flat Panel HDTV - KDL52V4100,416.00
34897,Sony 52' BRAVIA W-Series Black LCD Flat Panel HDTV - KDL52W4100,467.00
34899,Sony Black 9 Megapixel Cyber-Shot Digital Camera - DSCH50B,57.00
34901,Onkyo 7.1-Channel Home Theater Black Receiver - TXSR606B,246.00
34904,Sony Black 13.6 Megapixel Cyber-Shot Digital Camera - DSCW300,198.00
34905,Sony Black Camcorder Tripod - VCT80AV,420.00
34926,LG Black Freestanding Electric Range - LRE30757BK,247.00
34927,LG Stainless Steel Freestanding Electric Range - LRE30757SS,299.00
34928,LG 5.6 Cu. Ft. White Freestanding Electric Range - LRE30453WH,129.00
34934,LG 5.6 Cu. Ft. Black Freestanding Electric Range - LRE30453BK,265.00
34937,LG LFC23760ST 22.6 Cu. Ft. Stainless Steel French Door Bottom Freezer Refrigerator - LFC23760SS,414.00
34941,Sony 7.1 Channel Black A/V Receiver - STRDG820,390.00
34944,Samsung 67' Black Widescreen Series 7 LED DLP HDTV - HL67A750,284.00
34945,LG LFC25770SW 25.0 Cu. Ft. Smooth White French Door Bottom Freezer Refrigerator - LFC25770WH,185.00
34946,LG LFC25770SB 25.0 Cu. Ft. Smooth Black French Door Bottom Freezer Refrigerator - LFC25770BK,86.00
34947,LG LFC25770ST 25.0 Cu. Ft. Stainless Steel French Door Bottom Freezer Refrigerator - LFC25770SS,497.00
34948,LG 25.0 Cu. Ft. Titanium French Door Bottom Freezer Refrigerator - LFC25770TT,395.00
34959,Plantronics .Audio 920 Bluetooth Headset - AUDIO920,228.00
34960,Sony Weather Shower CD Clock Radio - ICFCD73W,381.00
34961,LG LFX25971SW 24.7 Cu. Ft. Smooth White French Door Bottom Freezer Refrigerator - LFX25971WH,263.00
34962,LG LFX25971SB 24.7 Cu. Ft. Smooth Black French Door Bottom Freezer Refrigerator - LFX25971BK,340.00
34963,LG LFX25971ST 24.7 Cu. Ft. Stainless Steel French Door Bottom Freezer Refrigerator - LFX25971SS,63.00
34966,Samsung MiniDV Digital Camcorder - SCDC382,260.00
34968,Sony Splash Resistant Shower Radio - ICFS79W,310.00
34969,LG 32' Black LCD Flat Panel HDTV - 32LG30,265.00
34976,Onkyo Black 7.1-Channel Home Theater System - HTS5100B,126.00
34981,Sony 32' BRAVIA M-Series Gloss Black LCD Flat Panel HDTV - KDL32M4000,370.00
34998,Samsung 50' Widescreen Plasma HDTV - PN50A650,435.00
35010,LG 30' White Freestanding Gas Range - LRG30357WH,248.00
35011,LG 30' Black Freestanding Gas Range - LRG30357BK,277.00
35012,Samsung 5 Disc Home Theater Surround Sound System - HTZ510,354.00
35014,LG 30' Stainless Steel Freestanding Gas Range - LRG30357SS,431.00
35018,Samsung 5 Disc Home Theater Surround Sound System - HTTZ515,129.00
35019,LG Over-The-Range White Microwave Oven - LMV1680WH,459.00
35022,LG Over-The-Range Black Microwave Oven - LMV1680BK,164.00
35024,LG Over-The-Range Stainless Steel Microwave Oven  - LMV1680SS,422.00
35031,LG 2.0 Cu. Ft. Over-The-Range White Microwave Oven - LMVM2085WH,358.00
35033,LG 2.0 Cu. Ft. Over-The-Range Black Microwave Oven - LMVM2085BK,90.00
35034,LG 52' Black LCD Flat Panel HDTV - 52LG50,229.00
35035,LG 2.0 Cu. Ft. Over-The-Range Stainless Steel Microwave Oven - LMVM2085SS,254.00
35044,LG 47' Black LCD Flat Panel HDTV - 47LG50,220.00
35045,Samsung Black Combo DVD/VHS Player - DVDV9800,329.00
35052,Sharp 26' Black LCD HDTV With Built In DVD Player - LC26DV24U,442.00
35054,Pioneer 4'x6' 2-Way Component Plate Speaker - TSP462,453.00
35060,Omnimount Stellar Series Audio Tower - G303DARK,354.00
35111,Peerless 37' - 60' Flat Panel TV Black Wall Mount  - ST660P,296.00
35153,Weber Q 320 Liquid Propane Table And Outdoor Grill - 586002,450.00
35165,LG 24' LDS4821WW Semi Integrated Built In White Dishwasher - LDS4821WH,239.00
35175,LG 24' LDS4821BB Semi Integrated Built In Black Dishwasher - LDS4821BK,380.00
35183,LG 24' LDF6920WW Fully Integrated Built In White Dishwasher - LDF6920WH,401.00
35185,Sony Black Component Home Theater System - HT7200DH,379.00
35186,LG 24' LDF6920ST Fully Integrated Built In Stainless Steel Dishwasher - LDF6920SS,216.00
35190,LG 24' LDF6920BB Fully Integrated Built In Black Dishwasher - LDF6920BK,131.00
35194,Sony 37' BRAVIA XBR Series Black LCD Flat Panel HDTV - KDL37XBR6,77.00
35201,Sony 40' BRAVIA Z Series Black LCD Flat Panel HDTV - KDL40Z4100B,203.00
35216,Samsung Black Blu-ray Player - BDP1500,67.00
35218,Garmin Nuvi 255W GPS Navigation System - 0100071820,60.00
35219,Sony 46' BRAVIA Z Series Black LCD Flat Panel HDTV - KDL46Z4100B,232.00
35226,Sony 42' BRAVIA V Series Black LCD Flat Panel HDTV - KDL42V4100,175.00
35231,LG LMX25981ST 24.7 Cu. Ft. Capacity Stainless Steel French Door Refrigerator - LMX25981SS,194.00
35237,TomTom Black Carry Case - 9UEA01700,458.00
35247,LG 52' Black LCD Flat Panel HDTV - 52LG70,363.00
35276,Pioneer KURO 50' Black Plasma HDTV - PDP5020FD,131.00
35277,Pioneer KURO 60' Black Plasma HDTV - PDP6020FD,340.00
35282,Nikon COOLPIX P80 Digital Camera In Black - COOLPIXP80,439.00
35305,Panasonic 60GB Hard Drive Camcorder - SDRH60,91.00
35306,Panasonic DECT 6.0 Silver Expandable Digital Cordless Phone System - KXTG9332S,329.00
35308,Bracketron Black GPS Low-Pro Windshield Mount - SWM400BL,475.00
35309,LG 32' Black LCD Flat Panel HDTV With Built In DVD Player - 32LG40,141.00
35332,Mitsubishi 835 Diamond Series 65' 1080p DLP Rear Projection HDTV - WD65835,311.00
35334,Mitsubishi 835 Diamond Series 73' 1080p DLP Rear Projection HDTV - WD73835,435.00
35384,Sony Black DVD Recorder And VHS Combo Player - RDRVX560,51.00
35388,Panasonic VIERA 46' Black Plasma Flat Panel 1080p HDTV - TH46PZ850U,351.00
35415,Uniden DECT 6.0 Digital Accessory Handset  - DCX300,96.00
35431,Panasonic VIERA 32' Class Widescreen LCD HDTV In Black - TC32LZ800,446.00
35467,Peerless 23' - 46' Universal Flat Panel TV Black Wall Mount - SF640P,158.00
35475,Sony DVD Recorder In Black - RDRGX360,82.00
35477,Griffin iTrip FM Transmitter - 4052TRPSEB,289.00
35485,Haier 15' Black Flat Panel LCD HDTV DVD Combo - HLC15R,398.00
35498,Sennheisser Hi-Fi Wireless Headphone - RS130,249.00
35519,BlueAnt Black Bluetooth Headset - Z9I,214.00
35525,Panasonic Black Expandable Digital Cordless Dect 6.0 Phone System - KXTG9348T,53.00
35530,Escort Passport 9500CI Radar Detector - 9500CI,236.00
35552,Garmin Vehicle Adjustable Suction Cup Mount - 0101082303,273.00
35591,Samsung 72' Series 6 Black Widescreen DLP HDTV - HL72A650,138.00
35623,Peerless 10' - 22' Flat Panel TV Black Pivot Wall Arm - PP730,351.00
35662,Garmin Nuvi 205 GPS Navigation System - 0100071740,323.00
35663,Garmin Nuvi 205W GPS Navigation System - 0100071840,367.00
35666,Sony Black 5.1 Channel Home Theater System - HTDDWG700,425.00
35680,Denon Multi-Channel Digital Surround Sound Speaker System - DHTFS5,170.00
35693,Samsung S2 Green 1GB Flash MP3 Player - YPS2ZG,164.00
35694,Samsung S2 White 1GB Flash MP3 Player - YPS2ZW,94.00
35738,Samsung 7.1-Channel Blu-ray Home Theater System - HTBD2TXAA,354.00
35748,Danby White Countertop Dishwasher - DDW497WH,322.00
35800,Panasonic Expandable Bluetooth-Enabled DECT 6.0 Phone System - KXTH1212B,126.00
35810,Canon KP-36IP Color Ink & Paper Set - 7737A001,144.00
35843,Canon EF-S 55-250mm f/4-5.6 IS Telephoto Zoom Lens - 2044B002,443.00
35851,Linksys Ultra RangePlus Wireless-N Broadband Router - WRT160N,259.00
35853,Pioneer USB iPod Interface Cable - CDIU230V,194.00
35872,Sharp Plasmacluster Air Purifier - KCC100U,474.00
35877,Sharp HEPA Air Purifier - FPP35CX,257.00
35900,Canon White Selphy CP760 Compact Photo Printer - 2565B001,52.00
35903,Sony 2GB Memory Stick Micro (M2) - MSA2GU2,194.00
35905,BlueAnt Supertooth Light Bluetooth Handsfree In Black - SUPERTOOTH,319.00
35925,Directed 50ft Extension Cable - 14230,67.00
35981,Samsung L200 Black 10.2 Megapixel Digital Camera - ECL200ZBBA,321.00
35983,Panasonic DECT 6.0 Silver Digital Cordless Handset - KXTGA630S,206.00
35987,Samsung Black 8.1 Megapixel Digital Camera - ECNV30ZBBA,152.00
35990,Polk Audio White Round Two-Way In-Wall Loudspeaker  - TC60I,225.00
36001,Sony 7.1 Channel Black AV Receiver - STRDG920,68.00
36020,Canon Deluxe Soft Black Camera Case - 0716B001,298.00
36021,Speck Clear 13' MacBook See Thru Hard Shell Case - MB13CLRSEEV2,322.00
36022,Speck Green 13' MacBook See Thru Hard Shell Case - MB13GRNSEEV2,211.00
36023,Canon Battery Charger - 0763B001,105.00
36027,Canon Battery Charger - 1133B001,459.00
36029,Canon NB-5L Lithium Battery - 1135B001,485.00
36033,Canon Black Leather Camera Case - 1588B001,87.00
36052,Canon 9517A002 EF-S 17mm - 85mm f/4.0-5.6 USM IS Zoom Lens - 9517A002,107.00
36053,Canon CB-2LV Battery Charger - 9764A001,328.00
36061,Toshiba Black DVD/VCR Combinaton Player - SDV296,240.00
36077,Samsung 19' Black Flat Panel Series 6 LCD HDTV - LN19A650,305.00
36080,Samsung 22' Black Flat Panel Series 6 LCD HDTV - LN22A650,124.00
36083,Canon Deluxe Grey Leather Case - 2349B001,414.00
36084,Canon Deluxe Burgundy Leather Case - 2350B001,259.00
36097,Canon Deluxe Black Digital Camera Case - 2595B002,498.00
36102,Canon Black Rechargeable Battery - 9612A001,407.00
36117,Griffin iPod RoadTrip With SmartScan - 4040RDTRPB,199.00
36118,Griffin iPod DirectDeck Universal Cassette Adapter - 7256DDECK,395.00
36123,Denon Black Home Theater Surround Sound Receiver - AVR1709,191.00
36124,Denon Black AVR-1609 Home Theater Surround Sound Receiver - AVR1609,288.00
36127,Samsung Stereo Bluetooth Headset In Black - SBH500,499.00
36142,Sony Bud Style Headphones In Silver - MDRED12LPSLV,377.00
36143,Sony Bud Style Headphones In Red - MDRED12LPRED,450.00
36149,Sony EX Ear Bud Headphones In Black - MDREX32LPBLK,186.00
36151,Sony EX Ear Bud Headphones In White - MDREX32LPWHI,250.00
36161,Flip Video F360 White Mino Series Camcorder - F360W,120.00
36168,Flip Video F360 Black Mino Series Camcorder - F360B,337.00
36169,Sony Bud Style Headphones In Black - MDREX85LPBLK,497.00
36172,Sony Active Style Headphones In Black - MDRAS50G,414.00
36197,Griffin iPhone SmartTalk - 3016SMRTLKB,237.00
36207,Logitech Driving Force Pro Steering Wheel With Pedals Set For Sony Playstation 2 - 9632930403,173.00
36243,Monster iCarPlay Wireless 250 FM Transmitter With AutoScan for iPod And iPhone - AIPFMCH250,96.00
36249,Nikon D700 Digital SLR Digital Camera - D700BODY,249.00
36258,D-Link Broadband Cable Modem - DCM202,85.00
36260,LaCie USB 2.0 Floppy Disk Drive - 706018,267.00
36264,iHome Silver Computer Speakers With iPod Dock - IH70S,426.00
36270,Samsung 63' Black Flat Panel Series 6 Plasma HDTV - PN63A650,433.00
36274,Transcend 16GB SDHC Card And Compact Card Reader - TS16GSDHC6S5W,162.00
36286,Toshiba XDE Black 1080p Upconversion Extended Detail DVD Player - XDE500,223.00
36295,Sony 8cm MiniDVD-R Camcorder Media 3 Pack - 3DMR30R1H,254.00
36299,Griffin Black iPhone 3G Wave Case - 8227IP2WVB,187.00
36305,Linksys Wireless-N Security Router - WRVS4400N,253.00
36308,iHome iPod & iPhone Bluetooth Alarm Clock Radio System - IP47,92.00
36309,iHome iPod & iPhone Clock Radio & Audio System - IP99BR,335.00
36345,Transcend 8GB SDHC Card And Compact Card Reader - TS8GSDHC6S5W,366.00
36361,Speck SeeThru Black Hard Shell Case For 13' MacBook - MB13BLKSEEV2,117.00
36364,Speck SeeThru Aqua Hard Shell Case For 13' MacBook - MB13AQUSEEV2,195.00
36365,Speck SeeThru Pink Hard Shell Case For 13' MacBook - MB13PNKSEEV2,172.00
36367,Canon EOS Rebel XS Black Digital SLR Camera - XSREB1855B,318.00
36381,Speck SeeThru Blue Hard Shell Case For 13' MacBook - MB13BLUSEEV2,245.00
36383,Speck SeeThru Orange Hard Shell Case For 13' MacBook - MB13ORGSEEV2,76.00
36388,Speck SeeThru Red Hard Shell Case For 13' MacBook - MB13REDSEEV2,293.00
36430,Speck SeeThru Clear Hard Shell Case For 15' MacBook - MB15CLRSEEV2,439.00
36446,Speck SeeThru Blue Hard Shell Case For 15' MacBook - MB15BLUSEEV2,200.00
36450,Samsung 46' Series 8 LCD Black Flat Panel HDTV - LN46A860,317.00
36451,Speck SeeThru Green Hard Shell Case For 15' MacBook - MB15GRNSEEV2,121.00
36452,Samsung 52' Series 8 LCD Black Flat Panel HDTV - LN52A860,75.00
36454,Speck SeeThru Orange Hard Shell Case For 15' MacBook - MB15ORGSEEV2,118.00
36456,Speck SeeThru Pink Hard Shell Case For 15' MacBook - MB15PNKSEEV2,197.00
36458,Speck SeeThru Purple Hard Shell Case For 15' MacBook - MB15PURSEEV2,159.00
36471,Samsung 55' Series 9 LCD Black Flat Panel HDTV - LN55A950,452.00
36494,LaCie 2TB Ethernet Big Disk External Hard Drive - 301239U,126.00
36502,Onkyo THX Select2 Plus Certified 7.1 Channel Home Theater Black Receiver - TXSR706B,464.00
36507,Onkyo THX Ultra 2 Plus Certified 7.1 Channel Home Theater Black Receiver - TXSR806B,51.00
36515,Panasonic Black Lumix 10.1 Megapixel Digital Camera - DMCFZ28K,482.00
36556,Panasonic VIERA 58' 1080p Plasma HDTV In Black - TH58PZ850U,344.00
36607,Denon 7.1 Channel AV Receiver With Network Client Compatible D-Dock Port In Black - AVR2809CI,466.00
36617,Sony Black VAIO Z Series 13.1' Notebook Computer - VGNZ550NB,126.00
36620,Sony Black VAIO Z Series 13.1' Notebook Computer - VGNZ570NB,244.00
36635,Yamaha Black Digital Sound Projector - YSP3050BK,361.00
36636,LaCie Little Disk 320GB Black Portable Hard Drive - 301829,325.00
36637,LaCie Little Disk 250GB Black Portable Hard Drive - 301278,90.00
36705,Nikon Black 13.5 Megapixel COOLPIX Digital Camera - COOLPIXP6000BK,185.00
36718,Nikon Graphite Black 14.5 Megapixel COOLPIX Digital Camera - COOLPIXS710BK,105.00
36722,AppleCare Protection Plan For iPod Touch Or iPod Classic - MB591LLA,59.00
36746,Nikon CoolPix S610 10 Megapixel Black  Digital Camera - COOLPIXS610BK,288.00
36761,Sony VAIO Z Series Black Notebook Computer - VGNZ591UB,221.00
36789,Brenthaven Sling I Titanium Laptop Carrying Bag For 13' MacBook - TR653ZMA,124.00
36796,Brenthaven Sling II Titanium Laptop Carrying Bag For 15' MacBook Pro - TR654ZMA,156.00
36803,Sony VAIO Black USB Docking Station - VGPUPR1,231.00
36808,Onkyo 7.1 Channel Home Theater Black Receiver - TXSR876B,407.00
36811,Nikon Pink 10 Megapixel COOLPIX Digital Camera - COOLPIXS60PNK,347.00
36812,Onkyo THX Ultra2 Certified 7.1 Channel Home Theater Black Receiver - TXNR906B,66.00
36816,Nikon SB-900 AF Speedlight In Black - SB900,162.00
36824,Samsung 46' Series 9 LCD Black Flat Panel HDTV - LN46A950,121.00
36859,Denon D-M37 Black CD/AM/FM Micro System - DM37SBK,229.00
36861,Sony 46' BRAVIA XBR Series Black LCD Flat Panel HDTV - KDL46XBR6,480.00
36862,Griffin iPhone 3G Black Elan Form Hard-Shell Leather Case - 8223IP2EFRMB,484.00
36864,Sony 52' BRAVIA XBR Series Black LCD Flat Panel HDTV - KDL52XBR6,119.00
36906,Olympus Pink 8 Megapixel Digital Camera - FE360PNK,399.00
36909,Olympus Silver 8 Megapixel Digital Camera - FE370S,52.00
36931,Speck Black ToughSkin Case For iPhone 3G - IPH3GBLKTS,301.00
36957,Sony Alpha Digital SLR Black Camera Body - DSLRA350,209.00
36962,Sanus Black Single-Column AV Component System - VF2012,441.00
36969,Oregon Scientific AT18 Wearable Waterproof Action Camcorder - ATC2000,221.00
36988,Canon VIXIA 120GB High Definition Hard Disc Drive Black Camcorder - HG21,92.00
36990,Canon VIXIA 60GB High Definition Hard Disc Drive Black Camcorder - HG20,393.00
36993,Canon PIXMA iP2600 Photo Printer - IP2600,480.00
36999,Griffin 4046-TRPAUTOC iTrip AutoPilot - 4046TRPAUTOC,146.00
37010,Onkyo Black Stereo Receiver - TX8255,245.00
37039,Klipsch 5.25' THX Ultra2 In-Ceiling White Loudspeaker - KS7502THX,401.00
37045,Toshiba 22' LCD HDTV With Built In DVD Player In White - 22LV506,72.00
37052,Garmin Nuvi 265T GPS Navigation System - 0100057610,50.00
37054,Garmin Nuvi 275T GPS Navigation System - 0100057600,74.00
37055,Garmin Nuvi 265WT GPS Navigation System - 0100057510,302.00
37078,LG 42' Glossy Piano Black LCD Flat Panel HDTV - 42LG30,287.00
37087,Garmin Nuvi 755T GPS Navigation System - 0100071530,254.00
37091,Sony Cyber-Shot Black Digital Camera - DSCT500B,83.00
37110,Canon PowerShot Silver Digital Camera - SX110IS,377.00
37120,Canon PowerShot Black Digital Camera - SX110ISB,446.00
37123,Canon PowerShot A1000 IS Gray Digital Camera - A1000ISG,368.00
37139,Olympus Stylus 1050 SW Black Digital Camera - STYLUS1050SWB,318.00
37141,Nikon D90 Black Digital SLR Camera With Nikkor 18-105mm Lens - D90OUTFIT,439.00
37142,Nikon D90 Black Digital SLR Camera - D90BODY,318.00
37145,Garmin Nuvi 765T GPS Navigation System - 0100071520,224.00
37150,Toshiba Black 15' LCD Flat Panel HDTV/DVD Combo - 15LV505,76.00
37162,Canon PIXMA Photo All-In-One Printer - MP620,430.00
37174,TiVo HD XL Black Digital Video Recorder - TCD658000,158.00
37181,Apple 8GB Black 2nd Generation iPod Touch - MB528LLA,448.00
37182,Apple 16GB Black 2nd Generation iPod Touch - MB531LLA,61.00
37183,Apple 32GB Black 2nd Generation iPod Touch - MB533LLA,348.00
37187,Apple 8GB Silver 4th Generation iPod Nano - MB598LLA,370.00
37192,Apple 8GB Blue 4th Generation iPod Nano - MB732LLA,219.00
37196,Apple 8GB Pink 4th Generation iPod Nano - MB735LLA,56.00
37198,Apple 8GB Purple 4th Generation iPod Nano - MB739LLA,185.00
37201,Apple 16GB Green 4th Generation iPod Nano - MB913LLA,136.00
37202,Apple 8GB Green 4th Generation iPod Nano - MB745LLA,386.00
37207,Apple 8GB Black 4th Generation iPod Nano - MB754LLA,383.00
37208,Apple 120GB Silver 7th Generation iPod Classic - MB562LLA,325.00
37210,Apple 120GB Black 7th Generation iPod Classic - MB565LLA,190.00
37211,Apple 1GB Pink 2nd Generation iPod Shuffle - MB811LLA,435.00
37231,Yamaha YAS-71 Black Front Surround System - YAS71BK,412.00
37235,Sony BRAVIA Black SXRD 1080p Home Theater Front Projector - VPLHW10,182.00
37254,Canon PIXMA Black Photo Printer - IP4600,353.00
37257,Canon PIXMA Photo All-In-One Printer - MP980,234.00
37287,Toshiba 32' Black LCD Flat Panel HDTV - 32AV502U,56.00
37293,Sony VAIO AW Series Titanium Grey Notebook Computer - VGNAW110JH,301.00
37301,Sony VAIO CS Series Red Notebook Computer - VGNCS110ER,169.00
37308,Sony VAIO CS Series Pink Notebook Computer - VGNCS180JP,271.00
37309,Sony VAIO CS Series Black Notebook Computer - VGNCS180JQ,114.00
37310,Sony VAIO CS Series Red Notebook Computer - VGNCS180JR,208.00
37311,Sony VAIO CS Series White Notebook Computer - VGNCS180JW,218.00
37322,Sony VAIO NS Series Silver Notebook Computer - VGNNS190JS,233.00
37331,Coby 10.2' Black LCD Flat Panel HDTV - TFTV1022,272.00
37340,Panasonic Black High Defintion 60GB Hard Disk Drive/SD Hybrid Camcorder - HDCHS100K,419.00
37354,Panasonic Rechargeable Lithium-Ion 1320 mAh Battery Pack - VWVBG130,485.00
37360,Pioneer 6.5' 2-Way Marine White Speakers - TSMR1640FM,262.00
37403,Canon Black EOS 50D Digital SLR Camera Body - EOS50DBODY,300.00
37404,Canon Black EOS 50D Digital SLR Camera With 28-135MM Lens - 50D28135,303.00
37405,Sony BRAVIA Theater Black Micro System - DAVIS50B,199.00
37421,AT&T Aliph Jawbone II Silver Bluetooth Headset - JAWBONE2S,498.00
37457,Toshiba 42' Regza TheaterWide Black Flat Panel LCD HDTV - 42RV535U,180.00
37462,Toshiba 52' Regza Black Flat Panel LCD HDTV - 52RV535U,309.00
37468,Canon PowerShot Black 10 Megapixel Digital Camera - SX10IS,221.00
37469,Canon PowerShot Black 14.7 Megapixel Digital Camera - G10,165.00
37474,Canon PowerShot Black 14.7 Megapixel Digital Camera - SD990ISB,282.00
37477,Canon PowerShot Silver 14.7 Megapixel Digital Camera - SD990IS,404.00
37495,Nintendo DS Lite Cobalt/Black Portable Gaming System - NDSUSGBMKB,381.00
37496,Nintendo DS Lite Onyx Black Portable Gaming System - NDSUSGSKB,126.00
37497,Nintendo DS Lite Metallic Silver Portable Gaming System - NDSUSGSVB,288.00
37499,Nintendo DS Lite Metallic Rose Portable Gaming System - NDSUSGSZPB,307.00
37531,Case Logic Vertical Universal Leather BlackBerry Case - CLP104BB,167.00
37539,Sony Blu-Ray Disc Player - BDPS550,177.00
37558,Nintendo DS Lite Crimson/Black Portable Gaming System - NDSUSGSRMKB,238.00
37589,BlueAnt Bluetooth Voice Control Headset - V1,80.00
37606,Netgear Prosafe 5 Port Gigabit Ethernet Desktop Switch - GS105NA,66.00
37623,Jabra Bluetooth Headset - BT2070,347.00
37646,Canon Printer Black Ink Cartridge - CLI221BLK,469.00
37648,Canon Printer Gray Ink Cartridge - CLI221GRY,482.00
37650,Canon Printer Yellow Ink Cartridge - CLI221YEL,198.00
37652,Canon Printer Ink Cartridge 4 Colors Pack - 2946B004,224.00
37686,Canon PIXMA Photo All-In-One Printer - MP480,171.00
37716,Sanus 30' - 58' VisionMount Flat Panel TV Black Tilting Wall Mount - LT25B1,182.00
37722,Apple iPod Nano Gray Armband - MB769GA,446.00
37749,Samsung Black Blu-ray Disc Player - BDP2500,392.00
37767,Kensington Combosaver Ultra Combination Notebook Lock - K64516US - K64516US,450.00
37796,Escort Passport 9500IX Radar Detector - 9500IX,352.00
37803,Logitech White V470 Cordless Laser Mouse For Apple Notebooks - 910000692,490.00
37805,Samsung S3 Black Multimedia Player - YPS3JAB,433.00
37807,Logitech Black V450 Nano Cordless Laser Mouse For Notebooks - 910000619,174.00
37808,Logitech Black V220 Cordless Optical Mouse For Notebooks - 910000153,127.00
37810,Sony VAIO LV Series Silver All-In-One Desktop Computer - VGCLV140J,206.00
37811,Sony VAIO LV Series Silver All-In-One Desktop Computer - VGCLV150J,245.00
37812,Sony VAIO RT Series Black All-In-One Desktop Computer - VGCRT150Y,467.00
37825,Logitech MX Air Rechargeable Cordless Air Mouse - 931633,453.00
37856,Canon Black Leather Case - 3528B001,486.00
37859,Denon Black Blu-ray Disc DVD-CD Player - DVD1800BD,396.00
37872,Apple MacBook 2.4GHz Intel Core 2 Duo Silver Notebook Computer - MB467LLA,178.00
37877,Apple MacBook Pro 2.4GHz Intel Core 2 Duo Silver Notebook Computer - MB470LLA,332.00
37878,Apple MacBook Pro 2.53GHz Intel Core 2 Duo Silver Notebook Computer - MB471LLA,169.00
37893,Toshiba 26' Black LCD HDTV - 26AV502U,452.00
37907,Sharp AQUOS Blu Ray Disc Player In Black And Silver - BDHP21U,272.00
37915,Panasonic Silver 8.1 Megapixel Digital Camera - DMCFS3S,78.00
37934,Samsung 52' Series 8 LCD Black Flat Panel HDTV - LN52A850,65.00
37964,Canon Silver PowerShot Digital Camera - SD880IS,387.00
38001,Sony 8' Black LCD Digital Photo Frame - DPFD80,386.00
38003,Sony 10' Black LCD Digital Photo Frame - DPFD100,354.00
38008,Sharp AQUOS 52' D85U Series Black LCD Flat Panel HDTV - LC52D85U,464.00
38096,Toshiba 22' Black LCD HDTV - 22AV500U,244.00
38098,Toshiba 40' Black Flat Panel LCD HDTV - 40RV525U,460.00
38106,Canon Black EF 70-300mm F/4-5.6 IS USM Telephoto Zoom Lens - 0345B002,327.00
38108,Olympus Black 10 Megapixels Digital Camera - SP565UZ,472.00
38127,Coby Black 15' Widescreen Flat Panel LCD HDTV - TFTV1514,478.00
38129,Sharp AQUOS Black Blu-ray Disc Player - BDHP50U,456.00
38142,Canon Pink 8.0 Megapixel PowerShot Digital Camera - SD1100ISP,118.00
38164,Apple USB Power Adapter - MB352LLB,73.00
38173,Panasonic DECT 6.0 2-Line Digital Expandable Corded/Cordless Phone System - KXTG9391T,62.00
38208,Panasonic Blue 8.1 Megapixel Digital Camera - DMCFS3A,283.00
38214,Canon Black 21.1 Megapixel EOS Digital SLR Camera Body - EOS5DMARKIIBODY,380.00
38221,Canon EF 75-300mm F/4-5.6 III Telephoto Zoom Lens - 6473A003,414.00
38231,Netgear ProSafe 24-Port Gigabit Rackmount Switch With 2 SFP Slots - JGS524F,407.00
38278,Sony Memory Stick PRO DUO Adapter For CompactFlash Slot - ADMSCF1,193.00
38295,Altec Lansing inMotion MAX iPod/iPhone Portable Audio System - IMT702,423.00
38296,Case-Mate Carbon Fiber Black Leather Case For iPhone 3G - IPH3GCBCF,205.00
38323,LG White XL Load Capacity Electric Dryer - DLE0442WH,87.00
38324,Griffin Black iPhone 3G Clarifi Protective Case With Built-In Close-Up Lens - 8245IP2MGNFI,264.00
38327,Canon Black BP-808 Camcorder Battery Pack - 2740B002,295.00
38329,Panasonic Black Hi-Definition Camcorder Starter Kit - VBGVBB1STRKIT,102.00
38343,Panasonic DECT 6.0 Pearl Silver Expandable Digital Cordless Phone System - KXTG6313S,50.00
38345,Logitech diNovo Edge Keyboard Mac Edition - 920000924,96.00
38346,Logitech QuickCam Vision Pro For Mac - 960000254,88.00
38388,Canon Digital EOS Rebel XS Starter Kit - 9320A010,411.00
38399,Canon 2GB SD Secure Digital Card - 3505B001,334.00
38400,Sony VAIO JS Series Black All-In-One Desktop Computer - VGCJS130JB,307.00
38434,Sharp AQUOS 42' Black LCD HDTV - LC42D85U,126.00
38449,Linksys Dual-Band Wireless-N Gaming Adapter - WGA600N,392.00
38451,Linksys Dual-Band Wireless-N Notebook Adapter - WPC600N,349.00
38452,Linksys Simultaneous Dual-N Band Wireless Router - WRT610N,245.00
38455,Linksys Compact Wireless-G USB Adapter - WUSB54GC,187.00
38457,Linksys Dual-Band Wireless-N USB Network Adapter - WUSB600N,429.00
38466,Linksys Wireless-G Internet Home Monitoring Camera - WVC54GCA,482.00
38468,Danby Silhouette 60 Cans Beverage Center - DBC2760BLS,268.00
38473,Linksys EtherFast4116 16-Port 10/100 Ethernet Switch - EF4116,264.00
38474,Linksys Gigabit 5-Port Workgroup Switch - EG005W,253.00
38475,Linksys EtherFast10/100 5-Port Auto-Sensing Switch - EZXS55W,299.00
38477,Linksys EtherFast 8-Port 10/100 Switch - EZXS88W,390.00
38480,iRobot Robotic Floor Washer - 74249,118.00
38483,Transcend 8GB Micro Secure Digital Memory Card - TS8GUSDHC6,384.00
38486,Transcend 133X High-Speed 8GB Compact Flash Card - TS8GCF133,148.00
38492,Sony Telephoto Converter Lens - VCLDH1774,344.00
38500,DLO Black HybridShell For iPhone 3G - DLA4010717,404.00
38507,Linksys Black Media Center Extender - DMA2100,418.00
38511,Audiovox 7'  Acrylic Digital Photo Frame - DPF701,314.00
38522,Flip Video F460 Black Mino HD Camcorder - F460B,317.00
38550,Samsung 2.1 Channel Bluetooth Home Theater System - HTX710T,339.00
38574,Sony BD/DVD Home Theater System - BDVIS1000,286.00
38587,Canon Printer Color Ink Cartridge - CL211,205.00
38619,LG Washer Dryer White Stacking Kit - WSTK1,482.00
38640,Transcend 2.5' SATA Solid State Disk - TS128GSSD25SM,75.00
38644,Skullcandy CHOPS Headphones In Black Chrome - HH26SKC01,363.00
38653,Sennheiser Orange And Silver In Ear Headphones - CX380,153.00
38693,Samsung 46' Series 8 LCD Black Flat Panel HDTV - LN46A850,410.00
38697,Logitech Cordless Desktop MX 5500 Revolution Keyboard And Mouse Combination - 920000383,122.00
38704,VMware Fusion 2 For Mac - VMFM20BX2,116.00
38726,Sanus SC1A Black VisionMount Series Ceiling Mount For Small LCD Flat Panels - SC1AB,81.00
38733,Kensington Mini Battery Pack And Charger For iPhone And iPod - K33442US,304.00
38735,Logitech diNovo Edge Keyboard Windows Edition - 967685,499.00
38751,Panasonic Yellow 4GB SDHC Memory Card - RPSDV04GU1K,236.00
38767,Coby 7' Black Widescreen TFT Portable DVD CD MP3 Player - TFDVD7006,66.00
38773,Sony Black HD Radio With Dock For iPod And iPhone - XDRS10HDIP,131.00
38777,Nikon Black COOLPIX S210 Li-Ion Rechargeable Battery - ENEL10,377.00
38781,Griffin Black TuneBuds Mobile For iPod And iPhone - 9410TUNBMBLB,499.00
38782,Sony VAIO FW Series Black Notebook Computer - VGNFW378JB,201.00
38784,Sanus 30' - 50' Full-Motion Flat Panel TV Black Wall Mount - LRF118B1,246.00
38794,Belkin White Switch-To-Mac Cable - F4U001,87.00
38796,Belkin Leather Folio For 2G iPod Touch - F8Z373,375.00
38798,Peerless Black Flat Panel TV Stand - SS550PBK,365.00
38800,Canon EOS Rebel XSi Silver Digital SLR Camera - XSIREB1855S,96.00
38806,Canon XH A1S Black High Definition HDV Camcorder - XHA1S,476.00
38813,Speck ToughSkin Black Case For 4th Generation iPod Nano - NN4TSBLK,89.00
38826,Cuisinart Exact Heat Matte Black Toaster Oven Broiler - TOB155,324.00
38831,Tripp-Lite Black 25 Foot SVGA HD15M To HD15M Computer Monitor Cable - P502025,256.00
38834,Nokia T-Mobile Unlocked Cellular Phone - N96,229.00
38873,Denon Home Theater Receiver And Boston Acoustics 5.1 Speaker System Package - DHT589BA,91.00
38876,Apple iWork 09 Software Individual Pack For Mac - MB942ZA,219.00
38880,Apple iWork 09 Software Family Pack For Mac - MB943ZA,221.00
38920,Transcend JetFlash V10 16GB USB Flash Drive - TS16GJFV10,350.00
38939,Logitech V-UBM46 QuickCam Pro 9000 Black Webcam For Windows - 960000048,351.00
38944,Panasonic LM-AF30U3 Three Pack Of Single-Sided 30 Minute DVD-RAM Discs - LMAF30U3,164.00
38957,Lasonic ATSC Digital To Analog TV Converter Box - LTA260,301.00
39038,Case Logic Black In-Car DVD Player Case - PDVK10,143.00
39039,Garmin Nuvi 885T GPS Navigation System - 0100057730,403.00
39054,OmniMount 37' - 63' Ultra Low Profile Series Large Flat Panel TV Black Mount - ULPTLBK,464.00
39088,Logitech Cordless Desktop Wave Keyboard And Mouse Combo - 920000264,337.00
39090,Mitsubishi DLP Black TV Stand - MBS73V,110.00
39175,Logitech Digital Precision PC Gaming Headset - 981000040,282.00
39176,Logitech 2.1 Multimedia Silver Speaker System - Z2300,236.00
39179,Linksys Wireless-G Range Expander - WRE54G,105.00
